-- phpMyAdmin SQL Dump
-- version 4.9.0.1
-- https://www.phpmyadmin.net/
--
-- Host: localhost
-- Generation Time: Aug 01, 2020 at 09:36 AM
-- Server version: 8.0.21
-- PHP Version: 7.3.19-1~deb10u1

SET SQL_MODE = "NO_AUTO_VALUE_ON_ZERO";
SET AUTOCOMMIT = 0;
START TRANSACTION;
SET time_zone = "+00:00";


/*!40101 SET @OLD_CHARACTER_SET_CLIENT=@@CHARACTER_SET_CLIENT */;
/*!40101 SET @OLD_CHARACTER_SET_RESULTS=@@CHARACTER_SET_RESULTS */;
/*!40101 SET @OLD_COLLATION_CONNECTION=@@COLLATION_CONNECTION */;
/*!40101 SET NAMES utf8mb4 */;

--
-- Database: `auto_test`
--

-- --------------------------------------------------------

--
-- Table structure for table `auto`
--

CREATE TABLE `auto` (
  `id` int NOT NULL,
  `brand` int NOT NULL,
  `car_model` int NOT NULL,
  `engine_type` int NOT NULL,
  `drive_unit` int NOT NULL
) ENGINE=InnoDB DEFAULT CHARSET=utf8;

--
-- Dumping data for table `auto`
--

INSERT INTO `auto` (`id`, `brand`, `car_model`, `engine_type`, `drive_unit`) VALUES
(1, 9, 590, 1, 1),
(2, 21, 2926, 3, 2),
(3, 82, 41670, 2, 1),
(4, 47, 14456, 3, 2),
(5, 50, 16287, 2, 1),
(6, 80, 39757, 1, 2),
(7, 89, 48783, 2, 2),
(8, 31, 6378, 2, 2),
(9, 71, 31553, 3, 1),
(10, 26, 4445, 1, 1),
(11, 24, 3800, 2, 1),
(12, 18, 2153, 2, 1),
(13, 51, 16907, 2, 2),
(14, 90, 49864, 2, 2),
(15, 69, 29828, 2, 1),
(16, 18, 2135, 3, 1),
(17, 36, 8548, 1, 1),
(18, 36, 8537, 3, 1),
(19, 44, 12695, 1, 1),
(20, 67, 28177, 1, 1),
(21, 4, 116, 2, 1),
(22, 44, 12691, 3, 1);

-- --------------------------------------------------------

--
-- Table structure for table `brand`
--

CREATE TABLE `brand` (
  `id` int NOT NULL,
  `name` varchar(100) CHARACTER SET utf8 COLLATE utf8_general_ci NOT NULL
) ENGINE=InnoDB DEFAULT CHARSET=utf8;

--
-- Dumping data for table `brand`
--

INSERT INTO `brand` (`id`, `name`) VALUES
(1, 'Acura'),
(2, 'Alfa Romeo'),
(64, 'All4'),
(3, 'Aston Martin'),
(4, 'Audi'),
(5, 'Bentley'),
(7, 'BMW'),
(8, 'Brilliance'),
(9, 'Bugatti'),
(10, 'Buick'),
(11, 'BYD'),
(12, 'Cadillac'),
(13, 'Changan'),
(14, 'Chery'),
(15, 'Chevrolet'),
(17, 'Chrysler'),
(18, 'Citroen'),
(19, 'Daewoo'),
(20, 'Daihatsu'),
(21, 'Datsun'),
(22, 'Dodge'),
(23, 'Dongfeng'),
(24, 'FAW'),
(25, 'Ferrari'),
(26, 'Fiat'),
(27, 'Fisker'),
(28, 'Ford'),
(6, 'g Spur'),
(29, 'GAZ'),
(30, 'Geely'),
(31, 'Genesis'),
(32, 'GMC'),
(33, 'Great Wall'),
(34, 'Haval'),
(16, 'HD'),
(35, 'Holden'),
(36, 'Honda'),
(37, 'Hummer'),
(38, 'Hyundai'),
(39, 'Infiniti'),
(40, 'Isuzu'),
(41, 'Iveco'),
(42, 'Jaguar'),
(43, 'Jeep'),
(44, 'Kia'),
(45, 'Lamborghini'),
(46, 'Lancia'),
(47, 'Land Rover'),
(49, 'lar'),
(50, 'Lexus'),
(51, 'Lifan'),
(52, 'Lincoln'),
(53, 'Lotus'),
(54, 'Marussia'),
(55, 'Maserati'),
(56, 'Maybach'),
(57, 'Mazda'),
(58, 'McLaren'),
(59, 'Mercedes'),
(61, 'Mercury'),
(62, 'MG'),
(63, 'Mini'),
(65, 'Mitsubishi'),
(66, 'Nissan'),
(67, 'Noble'),
(68, 'Opel'),
(48, 'ort'),
(69, 'Peugeot'),
(70, 'Plymouth'),
(71, 'Pontiac'),
(72, 'Porsche'),
(73, 'Ravon'),
(74, 'Renault'),
(75, 'Rolls-Royce'),
(76, 'Rover'),
(77, 'Saab'),
(78, 'Saturn'),
(79, 'Scion'),
(80, 'Seat'),
(81, 'Skoda'),
(82, 'Smart'),
(83, 'Ssang Yong'),
(84, 'Subaru'),
(85, 'Suzuki'),
(86, 'Tesla'),
(87, 'Toyota'),
(88, 'UAZ'),
(60, 'upe'),
(89, 'VAZ'),
(90, 'Volkswagen'),
(91, 'Volvo');

-- --------------------------------------------------------

--
-- Table structure for table `car_model`
--

CREATE TABLE `car_model` (
  `id` int NOT NULL,
  `name` varchar(100) CHARACTER SET utf8 COLLATE utf8_general_ci NOT NULL,
  `brand_id` int NOT NULL
) ENGINE=InnoDB DEFAULT CHARSET=utf8;

--
-- Dumping data for table `car_model`
--

INSERT INTO `car_model` (`id`, `name`, `brand_id`) VALUES
(349, '1 series', 7),
(29824, '1007', 69),
(29825, '107', 69),
(29826, '108', 69),
(4438, '124 Spider', 26),
(15, '146', 2),
(16, '147', 2),
(17, '147 GTA', 2),
(18, '156', 2),
(19, '156 GTA', 2),
(20, '159', 2),
(21, '166', 2),
(20796, '2', 57),
(350, '2 series', 7),
(1908, '200', 17),
(1693, '2001', 16),
(22890, '2001', 60),
(15062, '2004', 48),
(259, '2005', 6),
(29827, '2008', 69),
(25841, '2010', 64),
(15671, '2017', 49),
(29828, '206', 69),
(29829, '207', 69),
(29830, '208', 69),
(48768, '2101-2107', 89),
(48769, '2108, 2109, 21099', 89),
(48770, '2110, 2111, 2112', 89),
(48771, '2113, 2114, 2115', 89),
(36017, '25', 76),
(20797, '3', 57),
(351, '3 series', 7),
(1909, '300', 17),
(26592, '3000 GT', 65),
(29831, '3008', 69),
(1910, '300M', 17),
(29832, '301', 69),
(29833, '307', 69),
(29834, '308', 69),
(5557, '3102', 29),
(5558, '31105', 29),
(19477, '3200 GT', 55),
(20798, '323', 57),
(4107, '348', 25),
(27367, '350Z', 66),
(4108, '360', 25),
(27368, '370Z', 66),
(352, '4 series', 7),
(36018, '400', 76),
(29835, '4007', 69),
(29836, '4008', 69),
(29837, '406', 69),
(29838, '407', 69),
(29839, '408', 69),
(36019, '45', 76),
(4109, '456', 25),
(4110, '458', 25),
(4111, '488', 25),
(22, '4C', 2),
(46651, '4Runner', 87),
(48772, '4x4 Urban', 89),
(20799, '5', 57),
(353, '5 series', 7),
(4439, '500', 26),
(29840, '5008', 69),
(4440, '500L', 26),
(4441, '500X', 26),
(29841, '508', 69),
(4112, '512', 25),
(21476, '540C', 58),
(4113, '550', 25),
(20134, '57', 56),
(20135, '57 S', 56),
(21477, '570S', 58),
(4114, '575 M', 25),
(3499, '580', 23),
(4115, '599 GTB Fiorano', 25),
(4116, '599 GTO', 25),
(20800, '6', 57),
(354, '6 series', 7),
(36020, '600', 76),
(21478, '600LT', 58),
(29842, '607', 69),
(4117, '612', 25),
(20136, '62', 56),
(20137, '62 S', 56),
(20801, '626', 57),
(21479, '650S', 58),
(21480, '675LT', 58),
(355, '7 series', 7),
(32417, '718 Boxster', 72),
(32418, '718 Cayman', 72),
(21481, '720S', 58),
(36021, '75', 76),
(356, '8 series', 7),
(29843, '807', 69),
(4118, '812', 25),
(23, '8C Competizion', 2),
(36942, '9-2x', 77),
(36943, '9-3', 77),
(36944, '9-4x', 77),
(36945, '9-5', 77),
(36946, '9-7x', 77),
(32419, '911', 72),
(22164, 'A-class', 59),
(90, 'A1', 4),
(91, 'A2', 4),
(92, 'A3', 4),
(3500, 'A30', 23),
(93, 'A4', 4),
(94, 'A4 Allroad Quattro', 4),
(95, 'A5', 4),
(96, 'A6', 4),
(97, 'A7', 4),
(98, 'A8', 4),
(6794, 'Acadia', 32),
(9469, 'Accent', 38),
(8536, 'Accord', 36),
(42641, 'Actyon', 83),
(42642, 'Actyon Sports', 83),
(28988, 'Adam', 68),
(28989, 'Agila', 68),
(4442, 'Albea', 26),
(39749, 'Alhambra', 80),
(99, 'Allroad', 4),
(27369, 'Almera', 66),
(27370, 'Almera Classic', 66),
(27371, 'Almera Tino', 66),
(46652, 'Alphard', 87),
(39750, 'Altea', 80),
(39751, 'Altea Freetrack', 80),
(39752, 'Altea XL', 80),
(27372, 'Altima', 66),
(44621, 'Alto', 85),
(49846, 'Amarok', 90),
(8537, 'Amaze', 36),
(22165, 'AMG GT', 59),
(22166, 'AMG GT 4-Door', 59),
(1299, 'Amulet', 14),
(28990, 'Antara', 68),
(2650, 'Applause', 20),
(34184, 'Arkana', 74),
(27373, 'Armada', 66),
(170, 'Arnage', 5),
(39753, 'Arosa', 80),
(1300, 'Arrizo 7', 14),
(49847, 'Arteon', 90),
(10500, 'Ascender', 40),
(43624, 'Ascent', 84),
(1911, 'Aspen', 17),
(28991, 'Astra', 68),
(28992, 'Astra GTS', 68),
(1479, 'Astro', 15),
(26593, 'ASX', 65),
(39754, 'Ateca', 80),
(5961, 'Atlas', 30),
(9470, 'Atos Prime', 38),
(984, 'ATS', 12),
(985, 'ATS-V', 12),
(37872, 'Aura', 78),
(46653, 'Auris', 87),
(1480, 'Avalanche', 15),
(46654, 'Avalon', 87),
(34185, 'Avantime', 74),
(3202, 'Avenger', 22),
(46655, 'Avensis', 87),
(46656, 'Avensis Verso', 87),
(13261, 'Aventador', 45),
(1481, 'Aveo', 15),
(17538, 'Aviator', 52),
(3501, 'AX7', 23),
(10501, 'Axiom', 40),
(46657, 'Aygo', 87),
(9471, 'Azera', 38),
(31543, 'Aztec', 71),
(171, 'Azure', 5),
(22167, 'B-class', 59),
(5157, 'B-Max', 28),
(20802, 'B-Series', 57),
(18828, 'B1', 54),
(18829, 'B2', 54),
(43625, 'Baja', 84),
(44622, 'Baleno', 85),
(49848, 'Beetle', 90),
(172, 'Bentayga', 5),
(2135, 'Berlingo', 18),
(3800, 'Besturn B30', 24),
(3801, 'Besturn B50', 24),
(3802, 'Besturn X40', 24),
(3803, 'Besturn X80', 24),
(1482, 'Blazer', 15),
(986, 'BLS', 12),
(27374, 'Bluebird Sylphy', 66),
(31544, 'Bonneville', 71),
(1301, 'Bonus', 14),
(1302, 'Bonus 3', 14),
(49849, 'Bora', 90),
(29844, 'Boxer', 69),
(32420, 'Boxster', 72),
(4443, 'Brava', 26),
(4444, 'Bravo', 26),
(16906, 'Breez', 51),
(24, 'Brera', 2),
(173, 'Brooklands', 5),
(20803, 'BT-50', 57),
(22168, 'C-class', 59),
(22169, 'C-class Sport Co', 59),
(2136, 'C-Crosser', 18),
(2137, 'C-Elysee', 18),
(46658, 'C-HR', 87),
(5158, 'C-Max', 28),
(2138, 'C1', 18),
(2139, 'C2', 18),
(2140, 'C3', 18),
(2141, 'C3 Aircross', 18),
(2142, 'C3 Picasso', 18),
(2143, 'C3 Pluriel', 18),
(50956, 'C30', 91),
(2144, 'C4', 18),
(2145, 'C4 Aircross', 18),
(2146, 'C4 Cactus', 18),
(2147, 'C4 Picasso', 18),
(2148, 'C5', 18),
(2149, 'C6', 18),
(50957, 'C70', 91),
(50958, 'C70 Convertible', 91),
(50959, 'C70 Coupe', 91),
(2150, 'C8', 18),
(49850, 'Caddy', 90),
(46659, 'Caldina', 87),
(3203, 'Caliber', 22),
(3204, 'Caliber SRT4', 22),
(4119, 'California', 25),
(4120, 'California T', 25),
(1483, 'Camaro', 15),
(46660, 'Camry', 87),
(6795, 'Canyon', 32),
(1484, 'Captiva', 15),
(34186, 'Captur', 74),
(3205, 'Caravan', 22),
(12676, 'Carens', 44),
(26594, 'Carisma', 65),
(12677, 'Carnival', 44),
(28993, 'Cascada', 68),
(2651, 'Cast', 20),
(1485, 'Cavalier', 15),
(32421, 'Cayenne', 72),
(32422, 'Cayman', 72),
(49851, 'CC', 90),
(16907, 'Cebrium', 51),
(12678, 'Ceed', 44),
(44623, 'Celerio', 85),
(46661, 'Celica', 87),
(16908, 'Celliya', 51),
(13262, 'Centenario', 45),
(9472, 'Centennial', 38),
(713, 'Century', 10),
(12679, 'Cerato', 44),
(42643, 'Chairman', 83),
(4121, 'Challenge Stradal', 25),
(3206, 'Challenger', 22),
(3207, 'Charger', 22),
(12120, 'Cherokee', 43),
(44624, 'Ciaz', 85),
(40702, 'Citigo', 81),
(8538, 'City', 36),
(8539, 'Civic', 36),
(1, 'CL', 1),
(22170, 'CL-class', 59),
(22171, 'CLA-class', 59),
(12680, 'Clarus', 44),
(22172, 'CLC-class ', 59),
(34187, 'Clio', 74),
(22173, 'CLK-class', 59),
(22174, 'CLS-class', 59),
(25091, 'Clubman', 63),
(25092, 'Clubman S', 63),
(25093, 'Clubvan', 63),
(1486, 'Cobalt', 15),
(1487, 'Colorado', 15),
(26595, 'Colt', 65),
(28994, 'Combo', 68),
(12121, 'Commander', 43),
(8095, 'Commodore', 35),
(12122, 'Compass', 43),
(1912, 'Concorde', 17),
(174, 'Continental', 5),
(175, 'Continental Flyin', 5),
(176, 'Continental GT', 5),
(5962, 'Coolray', 30),
(25094, 'Cooper', 63),
(25095, 'Cooper Cabrio', 63),
(25096, 'Cooper S', 63),
(25097, 'Cooper S Cabrio', 63),
(25098, 'Cooper S Countryman ', 63),
(2652, 'Copen', 20),
(39755, 'Cordoba', 80),
(46662, 'Corolla', 87),
(46663, 'Corolla Verso', 87),
(28995, 'Corsa', 68),
(28996, 'Corsa OPC', 68),
(17539, 'Corsair', 52),
(1488, 'Corvette', 15),
(5159, 'Cougar', 28),
(25099, 'Countryman', 63),
(4445, 'Coupe', 26),
(7219, 'Cowry', 33),
(8540, 'CR-V', 36),
(8541, 'CR-Z', 36),
(49852, 'Crafter', 90),
(9473, 'Creta', 38),
(4446, 'Croma', 26),
(1303, 'CrossEastar', 14),
(1913, 'Crossfire', 17),
(49853, 'CrossGolf', 90),
(28997, 'Crossland X', 68),
(49854, 'CrossPolo', 90),
(8542, 'Crosstour', 36),
(49855, 'CrossTouran', 90),
(43626, 'Crosstrack', 84),
(5160, 'Crown Victoria', 28),
(1489, 'Cruze', 15),
(1138, 'CS35', 13),
(1139, 'CS35 Plus', 13),
(1140, 'CS55', 13),
(1141, 'CS75', 13),
(1142, 'CS95', 13),
(16281, 'CT', 50),
(987, 'CT6', 12),
(988, 'CTS', 12),
(35098, 'Cullinan', 75),
(2653, 'Cuore', 20),
(20804, 'CX-3', 57),
(20805, 'CX-5', 57),
(20806, 'CX-7', 57),
(20807, 'CX-9', 57),
(46, 'Cygnet', 3),
(10502, 'D-Max', 40),
(10503, 'D-Max Rodeo', 40),
(11036, 'Daily', 41),
(3208, 'Dakota', 22),
(3209, 'Dart', 22),
(35099, 'Dawn', 75),
(47, 'DB11', 3),
(48, 'DB9', 3),
(49, 'DBS', 3),
(50, 'DBS Violante', 3),
(51, 'DBX', 3),
(989, 'De Ville', 12),
(7220, 'Deer', 33),
(14454, 'Defender', 47),
(13854, 'Delta', 46),
(13263, 'Diablo', 45),
(26596, 'Dignity', 65),
(14455, 'Discovery', 47),
(14456, 'Discovery Spor', 47),
(4447, 'Doblo', 26),
(2151, 'DS 7 Crossback', 18),
(2152, 'DS3', 18),
(2153, 'DS4', 18),
(2154, 'DS5', 18),
(990, 'DTS', 12),
(4448, 'Ducato', 26),
(3210, 'Durango', 22),
(34188, 'Duster', 74),
(34189, 'Duster Oroch', 74),
(22175, 'E-class', 59),
(22176, 'E-class Coupe', 59),
(11573, 'E-Pace', 42),
(100, 'E-Tron', 4),
(1143, 'Eado', 13),
(1304, 'Eastar', 14),
(26597, 'Eclipse', 65),
(26598, 'Eclipse Cross', 65),
(5161, 'EcoSport', 28),
(5162, 'Edge', 28),
(2, 'EL', 1),
(9474, 'Elantra', 38),
(991, 'Eldorado', 12),
(8543, 'Element', 36),
(18181, 'Elise', 53),
(992, 'ELR', 12),
(5963, 'Emgrand 7', 30),
(5964, 'Emgrand EC7', 30),
(5965, 'Emgrand GS', 30),
(5966, 'Emgrand X7', 30),
(714, 'Enclave', 10),
(26599, 'Endeavor', 65),
(9475, 'Entourage', 38),
(715, 'Envision', 10),
(6796, 'Envoy', 32),
(4122, 'Enzo', 25),
(9476, 'Eon', 38),
(49856, 'Eos', 90),
(1490, 'Epica', 15),
(22177, 'EQC', 59),
(1491, 'Equinox', 15),
(9477, 'Equus', 38),
(16282, 'ES', 50),
(993, 'Escalade', 12),
(5163, 'Escape', 28),
(34190, 'Espace', 74),
(18182, 'Europa S', 53),
(2389, 'Evanda', 19),
(14457, 'Evoque', 47),
(18183, 'Evora', 53),
(9975, 'EX', 39),
(5164, 'Excursion', 28),
(39756, 'Exeo', 80),
(43627, 'Exiga', 84),
(18184, 'Exige', 53),
(5165, 'Expedition', 28),
(5166, 'Explorer', 28),
(5167, 'Explorer Sport Trac', 28),
(1492, 'Express', 15),
(5168, 'F-150', 28),
(5169, 'F-250', 28),
(5170, 'F-350', 28),
(11574, 'F-Pace', 42),
(11575, 'F-Type', 42),
(4123, 'F12', 25),
(4124, 'F355', 25),
(4125, 'F430', 25),
(4126, 'F50', 25),
(4127, 'F512 M', 25),
(7655, 'F7', 34),
(40703, 'Fabia', 81),
(5171, 'Falcon', 28),
(40704, 'Felicia', 81),
(4128, 'FF', 25),
(5172, 'Fiesta', 28),
(31545, 'Firebird', 71),
(8544, 'Fit', 36),
(5173, 'Five Hundred', 28),
(46664, 'FJ Cruiser', 87),
(5174, 'Flex', 28),
(34191, 'Fluence', 74),
(177, 'Flying Spur', 5),
(5175, 'Focus', 28),
(5176, 'Focus Active', 28),
(1305, 'Fora', 14),
(43628, 'Forester', 84),
(41670, 'Forfour', 82),
(12681, 'Forte', 44),
(46665, 'Fortuner', 87),
(41671, 'Fortwo', 82),
(49857, 'Fox', 90),
(38808, 'FR-S', 79),
(8545, 'FR-V', 36),
(14458, 'Freelander', 47),
(4449, 'Freemont', 26),
(5177, 'Freestar', 28),
(5178, 'Freestyle', 28),
(28998, 'Frontera', 68),
(5179, 'Fusion', 28),
(9976, 'FX', 39),
(9977, 'G', 39),
(22178, 'G-class', 59),
(31546, 'G5 Pursuit', 71),
(31547, 'G6', 71),
(6376, 'G70', 31),
(31548, 'G8', 71),
(6377, 'G80', 31),
(6378, 'G90', 31),
(26600, 'Galant', 65),
(5180, 'Galaxy', 28),
(13264, 'Gallardo', 45),
(9478, 'Galloper', 38),
(5967, 'GC9', 30),
(9479, 'Genesis', 38),
(9480, 'Genesis Coupe', 38),
(33300, 'Gentra', 73),
(9481, 'Getz', 38),
(19478, 'Ghibli', 55),
(35100, 'Ghost', 75),
(25, 'Giulia', 2),
(26, 'Giulietta', 2),
(22179, 'GL-class', 59),
(22180, 'GLA-class', 59),
(12123, 'Gladiator', 43),
(22181, 'GLB-class', 59),
(22182, 'GLC-class', 59),
(22183, 'GLC-class Coupe', 59),
(22184, 'GLE-class', 59),
(22185, 'GLE-class Coupe', 59),
(22186, 'GLK-class', 59),
(22187, 'GLS-class', 59),
(49858, 'Golf', 90),
(19479, 'Gran Cabrio', 55),
(2654, 'Gran Move', 20),
(19480, 'Gran Turismo ', 55),
(19481, 'Gran Turismo S', 55),
(31549, 'Grand AM', 71),
(2155, 'Grand C4 Picasso', 18),
(12124, 'Grand Cherokee', 43),
(23617, 'Grand Marquis', 61),
(31550, 'Grand Prix', 71),
(34192, 'Grand Scenic', 74),
(44625, 'Grand Vitara', 85),
(44626, 'Grand Vitara XL7', 85),
(1914, 'Grand Voyager', 17),
(4450, 'Grande Punto', 26),
(9482, 'Grandeur', 38),
(26601, 'Grandis', 65),
(28999, 'Grandland X', 68),
(48773, 'Granta', 89),
(16283, 'GS', 50),
(27, 'GT', 2),
(46666, 'GT 86', 87),
(27375, 'GT-R', 66),
(4129, 'GTC4 Lusso', 25),
(31551, 'GTO', 71),
(28, 'GTV', 2),
(16284, 'GX', 50),
(5968, 'GС6', 30),
(9483, 'H-1', 38),
(9001, 'H1', 37),
(9002, 'H2', 37),
(468, 'H230', 8),
(9003, 'H3', 37),
(3502, 'H30 Cross', 23),
(7656, 'H4', 34),
(7657, 'H6', 34),
(7658, 'H9', 34),
(1493, 'HHR', 15),
(46667, 'Hiace', 87),
(46668, 'Highlander', 87),
(46669, 'Hilux', 87),
(7221, 'Hover', 33),
(7222, 'Hover M2', 33),
(8546, 'HR-V', 36),
(8547, 'HR-V II (GJ)', 36),
(16285, 'HS', 50),
(13265, 'Huracan', 45),
(26602, 'i-MiEV', 65),
(11576, 'I-Pace', 42),
(9484, 'i10', 38),
(9485, 'i20', 38),
(10504, 'I280', 40),
(10505, 'I290', 40),
(357, 'i3', 7),
(9486, 'i30', 38),
(9487, 'i30 N', 38),
(9978, 'I35', 39),
(10506, 'I350', 40),
(10507, 'I370', 40),
(9488, 'i40', 38),
(358, 'i8', 7),
(39757, 'Ibiza', 80),
(4451, 'Idea', 26),
(44627, 'Ignis', 85),
(3, 'ILX', 1),
(1494, 'Impala', 15),
(43629, 'Impreza', 84),
(1306, 'IndiS', 14),
(8548, 'Insight', 36),
(29000, 'Insignia', 68),
(29001, 'Insignia OPC', 68),
(4, 'Integra', 1),
(3211, 'Intrepid', 22),
(37873, 'Ion', 78),
(9489, 'Ioniq', 38),
(46670, 'iQ', 87),
(16286, 'IS', 50),
(46671, 'ist', 87),
(9490, 'ix20', 38),
(9491, 'ix35', 38),
(8549, 'Jade', 36),
(8550, 'Jazz', 36),
(49859, 'Jetta', 90),
(44628, 'Jimny', 85),
(3212, 'Journey', 22),
(27376, 'Juke', 66),
(2156, 'Jumpy', 18),
(43630, 'Justy', 84),
(9979, 'JX', 39),
(12682, 'K900', 44),
(5181, 'Ka', 28),
(34193, 'Kadjar', 74),
(2390, 'Kalos', 19),
(40705, 'Kamiq', 81),
(34194, 'Kangoo', 74),
(34195, 'Kaptur', 74),
(29002, 'Karl', 68),
(4797, 'Karma', 27),
(40706, 'Karoq', 81),
(1307, 'Kimo', 14),
(44629, 'Kizashi', 85),
(40707, 'Kodiaq', 81),
(34196, 'Koleos', 74),
(9492, 'Kona', 38),
(42644, 'Korando', 83),
(5182, 'Kuga', 28),
(42645, 'Kyron', 83),
(26603, 'L200', 65),
(716, 'La Crosse', 10),
(1495, 'Lacetti', 15),
(4130, 'LaFerrari', 25),
(34197, 'Laguna', 74),
(26604, 'Lancer', 65),
(26605, 'Lancer Evo', 65),
(46672, 'Land Cruiser', 87),
(46673, 'Land Cruiser Prado', 87),
(20138, 'Landaulet', 56),
(1496, 'Lanos', 15),
(48774, 'Largus', 89),
(48775, 'Largus Cross', 89),
(34198, 'Latitude', 74),
(16287, 'LC', 50),
(717, 'Le Sabre', 10),
(27377, 'Leaf', 66),
(43631, 'Legacy', 84),
(2391, 'Leganza', 19),
(8551, 'Legend', 36),
(39758, 'Leon', 80),
(19482, 'Levante', 55),
(43632, 'Levorg', 84),
(16288, 'LFA', 50),
(44630, 'Liana', 85),
(12125, 'Liberty', 43),
(4452, 'Linea', 26),
(34199, 'Logan', 74),
(16289, 'LS', 50),
(718, 'Lucerne', 10),
(49860, 'Lupo', 90),
(2655, 'Luxio', 20),
(37874, 'LW', 78),
(16290, 'LX', 50),
(13855, 'Lybra', 46),
(9980, 'M', 39),
(22188, 'M-class', 59),
(1308, 'M11', 14),
(359, 'M2', 7),
(360, 'M3', 7),
(361, 'M4', 7),
(362, 'M5', 7),
(363, 'M6', 7),
(28177, 'M600', 67),
(32423, 'Macan', 72),
(12683, 'Magentis', 44),
(3213, 'Magnum', 22),
(2392, 'Magnus', 19),
(1497, 'Malibu', 15),
(4453, 'Marea', 26),
(23618, 'Mariner', 61),
(46674, 'Mark II', 87),
(17540, 'Mark LT', 52),
(34200, 'Master', 74),
(2656, 'Materia', 20),
(2393, 'Matiz', 19),
(9493, 'Matrix', 38),
(5183, 'Maverick', 28),
(27378, 'Maxima', 66),
(5, 'MDX', 1),
(2657, 'Mebius', 20),
(34201, 'Megane', 74),
(29003, 'Meriva', 68),
(2925, 'mi-DO', 21),
(27379, 'Micra', 66),
(39759, 'Mii', 80),
(23619, 'Milan', 61),
(26606, 'Mirage', 65),
(46675, 'Mirai', 87),
(29, 'MiTo', 2),
(5969, 'MK', 30),
(17541, 'MKC', 52),
(17542, 'MKS', 52),
(17543, 'MKT', 52),
(17544, 'MKX', 52),
(17545, 'MKZ', 52),
(45634, 'Model 3', 86),
(45635, 'Model S', 86),
(45636, 'Model X', 86),
(45637, 'Model Y', 86),
(34202, 'Modus', 74),
(12684, 'Mohave', 44),
(29004, 'Mokka', 68),
(5184, 'Mondeo', 28),
(31552, 'Montana', 71),
(1498, 'Monte Carlo', 15),
(23620, 'Montego', 61),
(23621, 'Monterey', 61),
(23622, 'Mountaineer', 61),
(2658, 'Move', 20),
(21482, 'MP4-12C', 58),
(20808, 'MPV', 57),
(46676, 'MR2', 87),
(178, 'Mulsanne', 5),
(4454, 'Multipla', 26),
(49861, 'Multivan', 90),
(27380, 'Murano', 66),
(13266, 'Murcielago', 45),
(13856, 'Musa', 46),
(42646, 'Musso', 83),
(42647, 'Musso Sport', 83),
(5185, 'Mustang', 28),
(5186, 'Mustang Shelby GT350', 28),
(5187, 'Mustang Shelby GT500', 28),
(20809, 'MX-5', 57),
(27381, 'Navara', 66),
(17546, 'Navigator', 52),
(2157, 'Nemo', 18),
(3214, 'Neon', 22),
(49862, 'New Beetle', 90),
(2394, 'Nexia', 19),
(12685, 'Niro', 44),
(3215, 'Nitro', 22),
(1499, 'Niva', 15),
(27382, 'Note', 66),
(27383, 'NP300', 66),
(6, 'NSX', 1),
(2395, 'Nubira', 19),
(16291, 'NX', 50),
(40708, 'Octavia', 81),
(40709, 'Octavia Scout', 81),
(40710, 'Octavia Tour', 81),
(8552, 'Odyssey', 36),
(3804, 'Oley', 24),
(29005, 'Omega', 68),
(2926, 'on-DO', 21),
(25100, 'One', 63),
(12686, 'Opirus', 44),
(12687, 'Optima', 44),
(1500, 'Orlando', 15),
(5970, 'Otaka', 30),
(43633, 'Outback', 84),
(26607, 'Outlander', 65),
(26608, 'Outlander XL', 65),
(37875, 'Outlook', 78),
(21483, 'P1', 58),
(1915, 'Pacifica', 17),
(26609, 'Pajero', 65),
(26610, 'Pajero Pinin', 65),
(26611, 'Pajero Sport', 65),
(4455, 'Palio', 26),
(9494, 'Palisade', 38),
(32424, 'Panamera', 72),
(4456, 'Panda', 26),
(4457, 'Panda 4x4', 26),
(719, 'Park Avenue', 10),
(29845, 'Partner', 69),
(49863, 'Passat', 90),
(49864, 'Passat CC', 90),
(27384, 'Pathfinder', 66),
(12126, 'Patriot', 43),
(27385, 'Patrol', 66),
(7223, 'Pegasus', 33),
(7224, 'Peri', 33),
(49865, 'Phaeton', 90),
(35101, 'Phantom', 75),
(13857, 'Phedra', 46),
(12688, 'Picanto', 44),
(47708, 'Pickup', 88),
(46677, 'Picnic', 87),
(8553, 'Pilot', 36),
(49866, 'Pointer', 90),
(49867, 'Polo', 90),
(9495, 'Porter', 38),
(40711, 'Praktik', 81),
(8554, 'Prelude', 36),
(20810, 'Premacy', 57),
(46678, 'Previa', 87),
(27386, 'Primera', 66),
(46679, 'Prius', 87),
(12689, 'ProCeed', 44),
(1916, 'PT Cruiser', 17),
(5188, 'Puma', 28),
(4458, 'Punto', 26),
(101, 'Q2', 4),
(102, 'Q3', 4),
(9981, 'Q30', 39),
(9982, 'Q40', 39),
(9983, 'Q45', 39),
(103, 'Q5', 4),
(9984, 'Q50', 39),
(9985, 'Q60', 39),
(104, 'Q7', 4),
(9986, 'Q70', 39),
(105, 'Q8', 4),
(27387, 'Qashqai', 66),
(27388, 'Qashqai+2', 66),
(848, 'Qin', 11),
(1309, 'QQ', 14),
(1310, 'QQ6', 14),
(19483, 'Quattroporte', 55),
(19484, 'Quattroporte S', 55),
(4459, 'Qubo', 26),
(27389, 'Quest', 66),
(12690, 'Quoris', 44),
(9987, 'QX30', 39),
(9988, 'QX4', 39),
(9989, 'QX50', 39),
(9990, 'QX56', 39),
(9991, 'QX60', 39),
(9992, 'QX70', 39),
(9993, 'QX80', 39),
(22189, 'R-class', 59),
(106, 'R8', 4),
(1144, 'Raeton', 13),
(26612, 'Raider', 65),
(720, 'Rainier', 10),
(3216, 'Ram 1500', 22),
(3217, 'Ram 2500', 22),
(3218, 'Ram 3500', 22),
(3219, 'Ram SRT10', 22),
(14459, 'Range Rover', 47),
(14460, 'Range Rover Sp', 47),
(14461, 'Range Rover Ve', 47),
(5189, 'Ranger', 28),
(40712, 'Rapid', 81),
(40713, 'Rapid Spaceback (NH', 81),
(52, 'Rapide', 3),
(46680, 'RAV4', 87),
(12691, 'Ray', 44),
(16292, 'RC', 50),
(29846, 'RCZ Sport', 69),
(7, 'RDX', 1),
(721, 'Regal', 10),
(722, 'Rendezvouz', 10),
(12127, 'Renegade', 43),
(13267, 'Reventon', 45),
(42648, 'Rexton', 83),
(1501, 'Rezzo', 15),
(8555, 'Ridgeline', 36),
(12692, 'Rio', 44),
(12693, 'Rio X-Line', 44),
(8, 'RL', 1),
(9, 'RLX', 1),
(30683, 'Road Runner', 70),
(41672, 'Roadster', 82),
(2659, 'Rocky', 20),
(10508, 'Rodeo', 40),
(42649, 'Rodius', 83),
(27390, 'Rogue', 66),
(40714, 'Roomster', 81),
(49868, 'Routan', 90),
(107, 'RS Q3', 4),
(108, 'RS3', 4),
(109, 'RS4', 4),
(110, 'RS5', 4),
(111, 'RS6', 4),
(112, 'RS7', 4),
(10, 'RSX', 1),
(16293, 'RX', 50),
(20811, 'RX-7', 57),
(20812, 'RX-8', 57),
(22190, 'S-class', 59),
(22191, 'S-class Cabrio', 59),
(22192, 'S-class Coupe', 59),
(5190, 'S-Max', 28),
(11577, 'S-Type', 42),
(8556, 'S2000', 36),
(113, 'S3', 4),
(114, 'S4', 4),
(50960, 'S40', 91),
(115, 'S5', 4),
(116, 'S6', 4),
(50961, 'S60', 91),
(117, 'S7', 4),
(50962, 'S70', 91),
(118, 'S8', 4),
(50963, 'S80', 91),
(50964, 'S90', 91),
(23623, 'Sable', 61),
(7225, 'Safe', 33),
(7226, 'Sailor', 33),
(34203, 'Sandero', 74),
(34204, 'Sandero Stepway', 74),
(9496, 'Santa Fe', 38),
(2158, 'Saxo', 18),
(16294, 'SC', 50),
(34205, 'Scenic', 74),
(49869, 'Scirocco', 90),
(1917, 'Sebring', 17),
(4460, 'Sedici', 26),
(12694, 'Seltos', 44),
(27391, 'Sentra', 66),
(46681, 'Sequoia', 87),
(994, 'Seville', 12),
(49870, 'Sharan', 90),
(12695, 'Shuma', 44),
(8557, 'Shuttle', 36),
(5559, 'Siber', 29),
(4461, 'Siena', 26),
(46682, 'Sienna', 87),
(6797, 'Sierra 1500', 32),
(6798, 'Sierra 2500', 32),
(29006, 'Signum', 68),
(1502, 'Silverado', 15),
(1503, 'Silverado 2500 ', 15),
(7227, 'Sing', 33),
(2660, 'Sirion', 20),
(37876, 'Sky', 78),
(27392, 'Skyline', 66),
(22193, 'SL-class', 59),
(22194, 'SLK-class', 59),
(22195, 'SLR-class', 59),
(22196, 'SLS AMG', 59),
(16909, 'Smily', 51),
(5560, 'Sobol', 29),
(7228, 'Socool', 33),
(16910, 'Solano', 51),
(9497, 'Solaris', 38),
(31553, 'Solstice', 71),
(9498, 'Sonata', 38),
(12696, 'Sorento', 44),
(12697, 'Sorento Prime', 44),
(12698, 'Soul', 44),
(26613, 'Space Gear', 65),
(26614, 'Space Runner', 65),
(26615, 'Space Star', 65),
(2159, 'Spacetourer', 18),
(1504, 'Spark', 15),
(12699, 'Spectra', 44),
(29007, 'Speedster', 68),
(30, 'Spider', 2),
(44631, 'Splash', 85),
(12700, 'Sportage', 44),
(22197, 'Sprinter', 59),
(119, 'SQ2', 4),
(120, 'SQ5', 4),
(121, 'SQ7', 4),
(122, 'SQ8', 4),
(995, 'SRX', 12),
(1505, 'SSR', 15),
(42650, 'Stavic', 83),
(31, 'Stelvio', 2),
(4462, 'Stilo', 26),
(12701, 'Stinger', 44),
(12702, 'Stonic', 44),
(4463, 'Strada', 26),
(3220, 'Stratus', 22),
(8558, 'Stream', 36),
(36022, 'Streetwise', 76),
(996, 'STS', 12),
(1506, 'Suburban', 15),
(31554, 'Sunfire', 71),
(40715, 'Superb', 81),
(46683, 'Supra', 87),
(44632, 'Swift', 85),
(44633, 'SX4', 85),
(27393, 'Sylphy', 66),
(34206, 'Symbol', 74),
(49871, 'T-Roc', 90),
(46684, 'Tacoma', 87),
(1507, 'Tahoe', 15),
(34207, 'Talisman', 74),
(5191, 'Taurus', 28),
(5192, 'Taurus X', 28),
(32425, 'Taycan', 72),
(38809, 'tC', 79),
(27394, 'Teana', 66),
(12703, 'Telluride', 44),
(49872, 'Teramont', 90),
(2661, 'Terios', 20),
(9499, 'Terracan', 38),
(6799, 'Terrain', 32),
(27395, 'Terrano', 66),
(723, 'Terraza', 10),
(24351, 'TF', 62),
(13858, 'Thema', 46),
(13859, 'Thesis', 46),
(5193, 'Thunderbird', 28),
(1311, 'Tiggo', 14),
(1312, 'Tiggo 3', 14),
(1313, 'Tiggo 4', 14),
(1314, 'Tiggo 5', 14),
(1315, 'Tiggo 7', 14),
(1316, 'Tiggo 8', 14),
(29008, 'Tigra', 68),
(49873, 'Tiguan', 90),
(27396, 'Tiida', 66),
(4464, 'Tipo', 26),
(27397, 'Titan', 66),
(27398, 'Titan XD', 66),
(42651, 'Tivoli', 83),
(11, 'TL', 1),
(12, 'TLX', 1),
(39760, 'Toledo', 80),
(31555, 'Torrent', 71),
(49874, 'Touareg', 90),
(49875, 'Touran', 90),
(5194, 'Tourneo Connect', 28),
(1918, 'Town & Country', 17),
(17547, 'Town Car', 52),
(34208, 'Trafic', 74),
(1508, 'TrailBlazer', 15),
(9500, 'Trajet', 38),
(5195, 'Transit', 28),
(5196, 'Transit Connect', 28),
(49876, 'Transporter', 90),
(1509, 'Traverse', 15),
(43634, 'Traviq', 84),
(1510, 'Trax', 15),
(2662, 'Trevis', 20),
(43635, 'Tribeca', 84),
(20813, 'Tribute', 57),
(10509, 'Trooper', 40),
(13, 'TSX', 1),
(123, 'TT', 4),
(124, 'TT RS', 4),
(125, 'TTS', 4),
(9501, 'Tucson', 38),
(46685, 'Tundra', 87),
(34209, 'Twingo', 74),
(34210, 'Twizy', 74),
(4465, 'Ulysse', 26),
(49877, 'Up', 90),
(1511, 'Uplander', 15),
(13268, 'Urus', 45),
(16295, 'UX', 50),
(53, 'V12 Vantage', 3),
(469, 'V3', 8),
(50965, 'V40', 91),
(470, 'V5', 8),
(50966, 'V50', 91),
(50967, 'V60', 91),
(50968, 'V70', 91),
(54, 'V8 Vantage', 3),
(50969, 'V90', 91),
(55, 'Valkyrie', 3),
(22198, 'Vaneo', 59),
(56, 'Vanquish', 3),
(29009, 'Vectra', 68),
(10510, 'VehiCross', 40),
(34211, 'Vel Satis', 74),
(9502, 'Veloster', 38),
(12704, 'Venga', 44),
(1512, 'Venture', 15),
(46686, 'Venza', 87),
(9503, 'Veracruz', 38),
(724, 'Verano', 10),
(9504, 'Verna', 38),
(46687, 'Verso', 87),
(1317, 'Very', 14),
(48776, 'Vesta Cross', 89),
(48777, 'Vesta Sport', 89),
(48778, 'Vesta SW', 89),
(590, 'Veyron', 9),
(8559, 'Vezel', 36),
(22199, 'Viano', 59),
(31556, 'Vibe', 71),
(3221, 'Viper', 22),
(57, 'Virage', 3),
(5971, 'Vision', 30),
(3805, 'Vita', 24),
(44634, 'Vitara', 85),
(22200, 'Vito', 59),
(46688, 'Vitz', 87),
(29010, 'Vivaro', 68),
(1919, 'Voyager', 17),
(37877, 'Vue', 78),
(44635, 'Wagon R', 85),
(44636, 'Wagon R+', 85),
(34212, 'Wind', 74),
(7229, 'Wingle', 33),
(35102, 'Wraith', 75),
(12128, 'Wrangler', 43),
(43636, 'WRX', 84),
(22201, 'X-class', 59),
(27399, 'X-Trail', 66),
(11578, 'X-Type', 42),
(364, 'X1', 7),
(365, 'X2', 7),
(366, 'X3', 7),
(367, 'X3 M', 7),
(368, 'X4', 7),
(369, 'X4 M', 7),
(370, 'X5', 7),
(371, 'X5 M', 7),
(16911, 'X50', 51),
(372, 'X6', 7),
(373, 'X6 M', 7),
(16912, 'X60', 51),
(374, 'X7', 7),
(38810, 'xA', 79),
(38811, 'xB', 79),
(50970, 'XC40', 91),
(50971, 'XC60', 91),
(50972, 'XC70', 91),
(50973, 'XC90', 91),
(9505, 'Xcent', 38),
(38812, 'xD', 79),
(11579, 'XE', 42),
(11580, 'XF', 42),
(9506, 'XG', 38),
(11581, 'XJ', 42),
(11582, 'XK/XKR', 42),
(997, 'XLR', 12),
(42652, 'XLV', 83),
(24352, 'XPower SV', 62),
(48779, 'XRay', 89),
(48780, 'XRay Cross', 89),
(2160, 'Xsara', 18),
(2161, 'Xsara Picasso', 18),
(998, 'XT4', 12),
(999, 'XT5', 12),
(1000, 'XT6', 12),
(27400, 'XTerra', 66),
(1001, 'XTS', 12),
(43637, 'XV', 84),
(46689, 'Yaris', 87),
(46690, 'Yaris Verso', 87),
(40716, 'Yeti', 81),
(13860, 'Ypsilon', 46),
(2663, 'YRV', 20),
(6800, 'Yukon', 32),
(27401, 'Z', 66),
(375, 'Z3', 7),
(376, 'Z4', 7),
(377, 'Z8', 7),
(29011, 'Zafira', 68),
(29012, 'Zafira Tourer', 68),
(58, 'Zagato Coupe', 3),
(14, 'ZDX', 1),
(17548, 'Zephyr', 52),
(34213, 'Zoe', 74),
(24353, 'ZR', 62),
(24354, 'ZS', 62),
(24355, 'ZT', 62),
(24356, 'ZT-T', 62),
(48781, 'Веста', 89),
(48782, 'Калина', 89),
(48783, 'Нива 4X4', 89),
(48784, 'Ока', 89),
(47709, 'Патриот', 88),
(48785, 'Приора', 89),
(47710, 'Хантер', 88);

-- --------------------------------------------------------

--
-- Table structure for table `drive_unit`
--

CREATE TABLE `drive_unit` (
  `id` int NOT NULL,
  `name` varchar(10) NOT NULL
) ENGINE=InnoDB DEFAULT CHARSET=utf8;

--
-- Dumping data for table `drive_unit`
--

INSERT INTO `drive_unit` (`id`, `name`) VALUES
(1, 'Полный'),
(2, 'Передний');

-- --------------------------------------------------------

--
-- Table structure for table `engine_type`
--

CREATE TABLE `engine_type` (
  `id` int NOT NULL,
  `name` varchar(10) NOT NULL
) ENGINE=InnoDB DEFAULT CHARSET=utf8;

--
-- Dumping data for table `engine_type`
--

INSERT INTO `engine_type` (`id`, `name`) VALUES
(1, 'Бензин'),
(2, 'Дизель'),
(3, 'Гибрид');

--
-- Indexes for dumped tables
--

--
-- Indexes for table `auto`
--
ALTER TABLE `auto`
  ADD PRIMARY KEY (`id`),
  ADD KEY `brand` (`brand`),
  ADD KEY `car_model` (`car_model`),
  ADD KEY `drive_init` (`drive_unit`),
  ADD KEY `engine_type` (`engine_type`);

--
-- Indexes for table `brand`
--
ALTER TABLE `brand`
  ADD PRIMARY KEY (`id`),
  ADD UNIQUE KEY `name` (`name`);

--
-- Indexes for table `car_model`
--
ALTER TABLE `car_model`
  ADD PRIMARY KEY (`id`),
  ADD UNIQUE KEY `name` (`name`,`brand_id`),
  ADD KEY `brand_id` (`brand_id`);

--
-- Indexes for table `drive_unit`
--
ALTER TABLE `drive_unit`
  ADD PRIMARY KEY (`id`);

--
-- Indexes for table `engine_type`
--
ALTER TABLE `engine_type`
  ADD PRIMARY KEY (`id`);

--
-- AUTO_INCREMENT for dumped tables
--

--
-- AUTO_INCREMENT for table `auto`
--
ALTER TABLE `auto`
  MODIFY `id` int NOT NULL AUTO_INCREMENT, AUTO_INCREMENT=23;

--
-- AUTO_INCREMENT for table `brand`
--
ALTER TABLE `brand`
  MODIFY `id` int NOT NULL AUTO_INCREMENT, AUTO_INCREMENT=92;

--
-- AUTO_INCREMENT for table `car_model`
--
ALTER TABLE `car_model`
  MODIFY `id` int NOT NULL AUTO_INCREMENT, AUTO_INCREMENT=50974;

--
-- AUTO_INCREMENT for table `drive_unit`
--
ALTER TABLE `drive_unit`
  MODIFY `id` int NOT NULL AUTO_INCREMENT, AUTO_INCREMENT=3;

--
-- AUTO_INCREMENT for table `engine_type`
--
ALTER TABLE `engine_type`
  MODIFY `id` int NOT NULL AUTO_INCREMENT, AUTO_INCREMENT=4;

--
-- Constraints for dumped tables
--

--
-- Constraints for table `auto`
--
ALTER TABLE `auto`
  ADD CONSTRAINT `auto_ibfk_1` FOREIGN KEY (`brand`) REFERENCES `brand` (`id`) ON DELETE CASCADE ON UPDATE CASCADE,
  ADD CONSTRAINT `auto_ibfk_2` FOREIGN KEY (`car_model`) REFERENCES `car_model` (`id`) ON DELETE CASCADE ON UPDATE CASCADE,
  ADD CONSTRAINT `auto_ibfk_3` FOREIGN KEY (`drive_unit`) REFERENCES `drive_unit` (`id`) ON DELETE CASCADE ON UPDATE CASCADE,
  ADD CONSTRAINT `auto_ibfk_4` FOREIGN KEY (`engine_type`) REFERENCES `engine_type` (`id`) ON DELETE CASCADE ON UPDATE CASCADE;

--
-- Constraints for table `car_model`
--
ALTER TABLE `car_model`
  ADD CONSTRAINT `car_model_ibfk_1` FOREIGN KEY (`brand_id`) REFERENCES `brand` (`id`) ON DELETE CASCADE ON UPDATE CASCADE;
COMMIT;

/*!40101 SET CHARACTER_SET_CLIENT=@OLD_CHARACTER_SET_CLIENT */;
/*!40101 SET CHARACTER_SET_RESULTS=@OLD_CHARACTER_SET_RESULTS */;
/*!40101 SET COLLATION_CONNECTION=@OLD_COLLATION_CONNECTION */;
